transaction_id,user_id,merchant_id,transaction_time,amount_inr,payment_method,status,risk_score
TXN100000,350,16,2026-01-29 11:13:00,2999,Wallet,captured,85
TXN100001,287,27,2026-01-04 11:49:00,49,UPI,captured,79
TXN100002,122,11,2026-01-24 04:59:00,1499,Wallet,captured,22
TXN100003,92,22,2026-01-29 13:01:00,49,Netbanking,captured,100
TXN100004,343,16,2026-01-30 13:51:00,99,UPI,captured,34
TXN100005,196,3,2026-01-06 22:06:00,99,UPI,captured,60
TXN100006,236,23,2026-01-08 06:52:00,99,Wallet,captured,39
TXN100007,13,13,2026-01-27 07:14:00,99,UPI,captured,51
TXN100008,36,18,2026-01-11 08:55:00,799,UPI,captured,44
TXN100009,348,35,2026-01-21 16:25:00,299,UPI,captured,42
TXN100010,134,12,2026-01-01 03:56:00,49,UPI,captured,74
TXN100011,306,28,2026-01-09 01:06:00,2999,Card,failed,44
TXN100012,311,33,2026-01-24 10:27:00,49,Wallet,captured,14
TXN100013,131,3,2026-01-13 18:12:00,49,UPI,captured,90
TXN100014,276,13,2026-01-14 00:33:00,1499,UPI,captured,46
TXN100015,170,40,2026-01-14 02:42:00,99,UPI,captured,40
TXN100016,154,33,2026-01-22 03:46:00,99,Netbanking,captured,39
TXN100017,207,19,2026-01-22 13:20:00,2999,Card,captured,70
TXN100018,341,25,2026-01-05 06:26:00,2999,UPI,captured,86
TXN100019,292,20,2026-01-24 05:39:00,49,UPI,captured,51
TXN100020,147,14,2026-01-18 00:19:00,99,Card,captured,55
TXN100021,336,21,2026-01-26 18:38:00,99,UPI,captured,59
TXN100022,110,33,2026-01-15 14:43:00,799,UPI,captured,60
TXN100023,338,6,2026-01-26 23:10:00,799,UPI,chargeback,36
TXN100024,318,22,2026-01-17 21:40:00,799,Wallet,captured,11
TXN100025,159,15,2026-01-27 07:43:00,799,UPI,captured,25
TXN100026,126,31,2026-01-05 00:02:00,49,Card,captured,78
TXN100027,213,37,2026-01-28 02:29:00,99,UPI,captured,24
TXN100028,254,26,2026-01-23 22:24:00,99,Wallet,captured,31
TXN100029,3,7,2026-01-05 20:44:00,1499,UPI,captured,99
TXN100030,266,30,2026-01-14 07:11:00,499,Card,captured,6
TXN100031,63,30,2026-01-18 07:58:00,799,UPI,captured,17
TXN100032,272,36,2026-01-26 14:42:00,149,UPI,captured,76
TXN100033,259,28,2026-01-11 14:39:00,49,Wallet,captured,70
TXN100034,244,29,2026-01-15 05:47:00,299,Netbanking,captured,33
TXN100035,327,18,2026-01-25 07:53:00,149,Card,captured,98
TXN100036,321,16,2026-01-25 16:31:00,49,UPI,captured,35
TXN100037,147,16,2026-01-15 02:45:00,2999,Card,captured,34
TXN100038,277,6,2026-01-11 10:57:00,1499,Card,captured,17
TXN100039,79,14,2026-01-05 07:24:00,1499,UPI,captured,8
TXN100040,278,30,2026-01-14 13:21:00,1499,UPI,captured,53
TXN100041,216,25,2026-01-02 06:53:00,99,UPI,captured,98
TXN100042,295,25,2026-01-19 22:01:00,1499,UPI,captured,61
TXN100043,200,27,2026-01-01 11:19:00,149,UPI,captured,68
TXN100044,309,15,2026-01-24 23:34:00,99,Netbanking,captured,62
TXN100045,249,2,2026-01-08 08:27:00,299,Wallet,captured,49
TXN100046,208,11,2026-01-11 21:43:00,4999,Netbanking,captured,59
TXN100047,274,2,2026-01-30 04:39:00,299,UPI,captured,50
TXN100048,14,6,2026-01-19 18:42:00,49,Wallet,captured,82
TXN100049,237,12,2026-01-14 04:55:00,49,UPI,captured,6
TXN100050,109,30,2026-01-09 12:20:00,99,UPI,captured,41
TXN100051,216,17,2026-01-11 12:17:00,4999,UPI,captured,10
TXN100052,277,4,2026-01-16 00:47:00,799,UPI,captured,44
TXN100053,334,3,2026-01-08 20:04:00,149,Wallet,captured,96
TXN100054,11,40,2026-01-01 07:12:00,299,UPI,captured,19
TXN100055,343,8,2026-01-08 04:30:00,99,UPI,captured,72
TXN100056,132,24,2026-01-07 14:44:00,299,Wallet,captured,21
TXN100057,59,11,2026-01-20 19:47:00,299,UPI,captured,39
TXN100058,160,37,2026-01-04 18:01:00,49,Wallet,captured,86
TXN100059,102,5,2026-01-30 12:25:00,2999,UPI,captured,75
TXN100060,53,20,2026-01-23 20:15:00,49,Netbanking,captured,87
TXN100061,290,3,2026-01-20 03:50:00,99,Wallet,captured,44
TXN100062,190,5,2026-01-18 13:42:00,299,UPI,captured,64
TXN100063,216,32,2026-01-21 10:00:00,49,Card,captured,13
TXN100064,236,10,2026-01-14 11:40:00,499,UPI,captured,55
TXN100065,334,18,2026-01-06 23:33:00,499,Card,captured,78
TXN100066,248,30,2026-01-26 17:49:00,799,Wallet,captured,55
TXN100067,138,21,2026-01-27 23:37:00,49,Card,captured,31
TXN100068,231,16,2026-01-27 02:17:00,49,UPI,captured,96
TXN100069,343,25,2026-01-15 18:39:00,49,UPI,captured,43
TXN100070,167,12,2026-01-01 15:54:00,499,Wallet,captured,62
TXN100071,133,22,2026-01-07 11:51:00,499,UPI,captured,35
TXN100072,142,36,2026-01-29 19:44:00,799,Wallet,captured,1
TXN100073,124,27,2026-01-17 06:05:00,499,Wallet,captured,62
TXN100074,244,32,2026-01-18 07:44:00,149,UPI,captured,57
TXN100075,151,15,2026-01-26 00:05:00,4999,UPI,captured,51
TXN100076,340,38,2026-01-23 07:19:00,499,Card,captured,47
TXN100077,177,28,2026-01-16 17:33:00,299,UPI,captured,95
TXN100078,233,18,2026-01-18 10:22:00,499,UPI,captured,39
TXN100079,99,21,2026-01-09 07:07:00,499,UPI,captured,15
TXN100080,95,13,2026-01-24 17:48:00,2999,Netbanking,failed,27
TXN100081,302,34,2026-01-24 15:17:00,49,Netbanking,captured,76
TXN100082,100,19,2026-01-10 03:53:00,2999,Netbanking,captured,29
TXN100083,8,35,2026-01-12 05:19:00,99,UPI,captured,16
TXN100084,284,19,2026-01-09 01:03:00,99,UPI,captured,89
TXN100085,252,7,2026-01-05 20:55:00,2999,Wallet,captured,1
TXN100086,246,29,2026-01-19 09:30:00,49,Wallet,captured,43
TXN100087,245,8,2026-01-06 01:16:00,49,UPI,chargeback,8
TXN100088,296,4,2026-01-13 15:04:00,799,Wallet,captured,19
TXN100089,44,16,2026-01-05 18:19:00,149,UPI,captured,15
TXN100090,306,40,2026-01-18 13:38:00,799,Card,captured,28
TXN100091,231,29,2026-01-25 16:24:00,299,UPI,captured,38
TXN100092,157,37,2026-01-28 18:27:00,499,Wallet,captured,79
TXN100093,51,14,2026-01-02 19:47:00,1499,UPI,captured,80
TXN100094,42,11,2026-01-07 08:42:00,49,Wallet,captured,30
TXN100095,81,1,2026-01-06 17:04:00,149,UPI,captured,52
TXN100096,241,19,2026-01-15 22:38:00,299,UPI,captured,4
TXN100097,145,30,2026-01-08 09:45:00,799,UPI,captured,9
TXN100098,136,38,2026-01-22 07:59:00,299,Card,captured,84
TXN100099,59,35,2026-01-26 06:27:00,499,UPI,captured,28
TXN100100,137,10,2026-01-21 04:58:00,299,UPI,captured,9
TXN100101,158,39,2026-01-02 05:50:00,499,Netbanking,captured,95
TXN100102,148,29,2026-01-27 18:58:00,99,Card,captured,15
TXN100103,207,18,2026-01-15 22:19:00,149,UPI,captured,64
TXN100104,42,39,2026-01-18 15:28:00,2999,Card,captured,5
TXN100105,166,39,2026-01-29 13:47:00,149,UPI,captured,32
TXN100106,346,37,2026-01-01 02:14:00,99,UPI,captured,75
TXN100107,138,37,2026-01-01 21:52:00,499,UPI,captured,5
TXN100108,266,29,2026-01-25 05:30:00,499,Wallet,failed,35
TXN100109,326,32,2026-01-06 18:27:00,149,UPI,captured,11
TXN100110,171,21,2026-01-16 11:26:00,799,UPI,captured,85
TXN100111,211,32,2026-01-04 05:21:00,49,UPI,captured,36
TXN100112,282,3,2026-01-22 12:52:00,499,UPI,captured,58
TXN100113,166,8,2026-01-03 10:16:00,299,UPI,captured,98
TXN100114,1,35,2026-01-13 16:52:00,149,UPI,captured,59
TXN100115,266,24,2026-01-14 01:12:00,499,UPI,captured,79
TXN100116,227,4,2026-01-25 15:40:00,499,UPI,captured,26
TXN100117,148,29,2026-01-09 17:08:00,499,UPI,captured,89
TXN100118,323,39,2026-01-16 03:01:00,499,UPI,captured,30
TXN100119,283,1,2026-01-23 05:19:00,2999,Wallet,captured,70
TXN100120,59,30,2026-01-14 02:14:00,499,UPI,captured,15
TXN100121,150,33,2026-01-21 04:31:00,2999,UPI,captured,90
TXN100122,248,31,2026-01-09 13:53:00,1499,UPI,failed,31
TXN100123,197,13,2026-01-15 17:09:00,49,UPI,captured,76
TXN100124,70,5,2026-01-17 23:56:00,499,UPI,captured,35
TXN100125,260,18,2026-01-25 13:21:00,1499,UPI,captured,0
TXN100126,301,38,2026-01-10 23:19:00,99,UPI,captured,84
TXN100127,276,31,2026-01-16 04:28:00,499,Card,captured,44
TXN100128,279,25,2026-01-11 17:48:00,799,UPI,captured,58
TXN100129,97,16,2026-01-30 10:55:00,799,Card,captured,73
TXN100130,211,3,2026-01-13 07:54:00,149,UPI,chargeback,40
TXN100131,196,25,2026-01-24 15:45:00,149,Netbanking,captured,84
TXN100132,254,3,2026-01-26 20:09:00,149,Card,captured,16
TXN100133,52,29,2026-01-17 18:21:00,49,Netbanking,captured,12
TXN100134,74,27,2026-01-17 14:00:00,799,UPI,captured,83
TXN100135,136,22,2026-01-05 02:30:00,149,UPI,captured,79
TXN100136,42,22,2026-01-23 12:41:00,49,UPI,captured,86
TXN100137,163,32,2026-01-28 17:24:00,2999,Wallet,failed,69
TXN100138,121,19,2026-01-02 19:04:00,149,UPI,captured,29
TXN100139,51,7,2026-01-24 02:27:00,499,Card,captured,56
TXN100140,15,3,2026-01-06 22:19:00,799,UPI,captured,41
TXN100141,184,24,2026-01-26 01:18:00,49,UPI,captured,55
TXN100142,211,37,2026-01-05 07:33:00,1499,UPI,captured,87
TXN100143,90,6,2026-01-26 05:10:00,49,Card,captured,78
TXN100144,350,16,2026-01-28 12:39:00,49,UPI,captured,63
TXN100145,119,30,2026-01-30 18:09:00,49,Card,captured,81
TXN100146,342,1,2026-01-09 14:16:00,49,UPI,captured,59
TXN100147,280,11,2026-01-29 09:43:00,149,UPI,chargeback,9
TXN100148,154,28,2026-01-15 11:37:00,2999,Netbanking,captured,88
TXN100149,155,13,2026-01-09 14:54:00,149,UPI,captured,49
TXN100150,122,25,2026-01-28 15:06:00,299,UPI,captured,73
TXN100151,152,2,2026-01-12 18:18:00,49,UPI,captured,84
TXN100152,290,4,2026-01-13 08:00:00,149,UPI,captured,77
TXN100153,147,15,2026-01-24 15:53:00,49,Wallet,captured,77
TXN100154,326,13,2026-01-26 11:14:00,299,Netbanking,captured,79
TXN100155,338,9,2026-01-09 21:48:00,99,Card,captured,80
TXN100156,21,20,2026-01-04 20:41:00,2999,UPI,captured,100
TXN100157,187,9,2026-01-15 01:37:00,49,Card,failed,11
TXN100158,213,12,2026-01-30 09:20:00,4999,UPI,captured,25
TXN100159,188,34,2026-01-05 17:56:00,2999,UPI,captured,64
TXN100160,85,17,2026-01-30 08:53:00,499,UPI,captured,61
TXN100161,174,8,2026-01-26 09:47:00,299,Netbanking,captured,59
TXN100162,116,26,2026-01-03 04:48:00,99,Netbanking,captured,71
TXN100163,203,1,2026-01-12 02:50:00,149,Wallet,captured,33
TXN100164,189,17,2026-01-18 03:29:00,99,UPI,captured,74
TXN100165,56,15,2026-01-13 20:23:00,299,UPI,captured,60
TXN100166,288,21,2026-01-01 19:56:00,4999,Wallet,failed,78
TXN100167,326,30,2026-01-08 20:04:00,99,Card,captured,89
TXN100168,60,9,2026-01-10 20:26:00,49,Netbanking,captured,5
TXN100169,60,7,2026-01-02 09:31:00,2999,Wallet,captured,30
TXN100170,199,30,2026-01-29 17:08:00,149,Netbanking,captured,47
TXN100171,277,27,2026-01-22 23:44:00,49,UPI,captured,75
TXN100172,213,7,2026-01-24 23:09:00,799,Netbanking,captured,62
TXN100173,17,24,2026-01-20 13:17:00,299,UPI,captured,27
TXN100174,186,7,2026-01-15 14:15:00,1499,Card,failed,87
TXN100175,331,23,2026-01-12 17:57:00,149,UPI,captured,7
TXN100176,63,30,2026-01-13 08:12:00,1499,Card,captured,11
TXN100177,328,39,2026-01-22 06:41:00,4999,Wallet,chargeback,2
TXN100178,65,37,2026-01-02 10:15:00,2999,Card,captured,26
TXN100179,301,14,2026-01-03 17:13:00,149,UPI,captured,29
TXN100180,306,1,2026-01-11 04:50:00,299,UPI,failed,35
TXN100181,277,17,2026-01-28 04:08:00,299,UPI,captured,22
TXN100182,14,9,2026-01-04 21:55:00,499,UPI,captured,1
TXN100183,166,2,2026-01-12 07:37:00,299,Card,captured,22
TXN100184,216,34,2026-01-09 01:08:00,299,Card,captured,14
TXN100185,230,24,2026-01-24 02:30:00,49,UPI,captured,65
TXN100186,258,15,2026-01-19 03:28:00,499,Wallet,captured,78
TXN100187,338,34,2026-01-02 23:50:00,49,UPI,captured,38
TXN100188,32,31,2026-01-15 20:01:00,299,UPI,captured,51
TXN100189,252,29,2026-01-14 21:06:00,1499,UPI,captured,9
TXN100190,312,10,2026-01-29 02:20:00,799,UPI,captured,8
TXN100191,325,38,2026-01-05 08:39:00,1499,Netbanking,captured,70
TXN100192,306,34,2026-01-23 10:24:00,2999,UPI,captured,37
TXN100193,221,7,2026-01-15 16:38:00,149,Netbanking,captured,89
TXN100194,283,14,2026-01-04 20:41:00,99,Wallet,captured,55
TXN100195,174,30,2026-01-15 07:26:00,49,UPI,captured,51
TXN100196,161,28,2026-01-14 23:06:00,49,UPI,captured,40
TXN100197,79,31,2026-01-22 08:23:00,99,UPI,captured,8
TXN100198,222,7,2026-01-03 02:05:00,149,Wallet,captured,95
TXN100199,67,36,2026-01-24 11:51:00,99,UPI,captured,7
TXN100200,169,8,2026-01-19 17:35:00,99,UPI,captured,52
TXN100201,217,4,2026-01-12 21:48:00,49,UPI,captured,36
TXN100202,54,37,2026-01-20 09:22:00,149,UPI,captured,64
TXN100203,247,15,2026-01-07 04:42:00,49,Card,captured,13
TXN100204,59,18,2026-01-12 17:23:00,49,Card,captured,73
TXN100205,288,40,2026-01-08 13:54:00,49,UPI,failed,78
TXN100206,14,39,2026-01-22 20:35:00,799,UPI,captured,84
TXN100207,15,12,2026-01-27 22:17:00,149,UPI,captured,34
TXN100208,174,23,2026-01-23 09:58:00,149,UPI,captured,0
TXN100209,337,26,2026-01-06 04:36:00,49,UPI,captured,8
TXN100210,16,6,2026-01-05 23:40:00,1499,UPI,captured,95
TXN100211,215,30,2026-01-17 06:24:00,49,UPI,captured,43
TXN100212,167,37,2026-01-06 11:19:00,99,UPI,captured,76
TXN100213,81,40,2026-01-03 01:09:00,49,UPI,captured,6
TXN100214,227,28,2026-01-22 02:17:00,99,UPI,captured,62
TXN100215,140,14,2026-01-20 14:26:00,299,Wallet,captured,96
TXN100216,221,8,2026-01-17 03:22:00,299,UPI,captured,36
TXN100217,250,34,2026-01-22 21:37:00,299,Wallet,captured,85
TXN100218,203,39,2026-01-10 01:14:00,49,UPI,captured,7
TXN100219,109,9,2026-01-01 06:19:00,499,Wallet,captured,97
TXN100220,62,1,2026-01-09 09:20:00,4999,Wallet,captured,63
TXN100221,67,25,2026-01-24 13:11:00,49,UPI,captured,68
TXN100222,287,23,2026-01-23 07:32:00,49,UPI,captured,9
TXN100223,224,2,2026-01-13 23:02:00,49,Card,captured,58
TXN100224,161,37,2026-01-30 02:55:00,299,UPI,captured,54
TXN100225,328,27,2026-01-19 12:45:00,49,UPI,chargeback,37
TXN100226,167,11,2026-01-04 12:01:00,1499,Card,failed,79
TXN100227,186,6,2026-01-15 22:58:00,49,Wallet,captured,55
TXN100228,224,38,2026-01-28 03:15:00,299,Wallet,failed,51
TXN100229,159,22,2026-01-17 02:25:00,799,UPI,captured,28
TXN100230,262,8,2026-01-11 05:04:00,149,UPI,captured,67
TXN100231,179,23,2026-01-17 06:57:00,49,Wallet,captured,93
TXN100232,76,16,2026-01-27 20:52:00,299,UPI,captured,13
TXN100233,89,39,2026-01-05 08:12:00,299,UPI,captured,19
TXN100234,91,32,2026-01-25 20:04:00,49,UPI,captured,59
TXN100235,297,29,2026-01-25 18:48:00,99,Card,chargeback,87
TXN100236,326,40,2026-01-30 18:41:00,499,Card,captured,41
TXN100237,78,29,2026-01-28 20:20:00,149,UPI,captured,8
TXN100238,156,18,2026-01-16 14:40:00,2999,Card,captured,75
TXN100239,38,20,2026-01-02 11:32:00,49,Wallet,failed,59
TXN100240,189,19,2026-01-15 01:03:00,99,UPI,failed,9
TXN100241,305,33,2026-01-21 02:39:00,299,Card,captured,49
TXN100242,22,29,2026-01-15 18:35:00,799,UPI,captured,73
TXN100243,310,31,2026-01-21 06:20:00,49,Card,captured,64
TXN100244,53,22,2026-01-05 01:28:00,299,UPI,captured,91
TXN100245,89,3,2026-01-03 16:41:00,149,Card,captured,31
TXN100246,269,34,2026-01-23 14:28:00,149,UPI,captured,78
TXN100247,145,25,2026-01-06 11:23:00,799,UPI,captured,52
TXN100248,307,4,2026-01-25 10:43:00,1499,UPI,captured,80
TXN100249,169,7,2026-01-21 10:04:00,1499,Wallet,captured,71
TXN100250,130,39,2026-01-22 12:18:00,2999,Wallet,captured,19
TXN100251,340,10,2026-01-11 02:37:00,49,Card,captured,44
TXN100252,340,26,2026-01-10 20:44:00,299,Card,captured,16
TXN100253,159,36,2026-01-20 22:05:00,49,UPI,captured,48
TXN100254,66,34,2026-01-21 10:52:00,799,UPI,captured,11
TXN100255,261,24,2026-01-21 21:27:00,799,Card,captured,2
TXN100256,110,22,2026-01-12 09:11:00,799,UPI,captured,98
TXN100257,71,10,2026-01-16 06:14:00,49,UPI,captured,9
TXN100258,277,34,2026-01-10 03:32:00,49,UPI,captured,4
TXN100259,317,9,2026-01-22 10:56:00,499,Wallet,captured,76
TXN100260,93,40,2026-01-13 04:10:00,299,UPI,captured,21
TXN100261,211,24,2026-01-24 14:02:00,99,Netbanking,captured,86
TXN100262,313,19,2026-01-24 07:28:00,149,UPI,captured,96
TXN100263,274,16,2026-01-24 14:14:00,49,Wallet,failed,39
TXN100264,100,24,2026-01-26 15:57:00,299,UPI,captured,86
TXN100265,145,25,2026-01-19 14:29:00,2999,Wallet,captured,64
TXN100266,103,39,2026-01-17 13:10:00,2999,Wallet,captured,17
TXN100267,329,31,2026-01-28 08:03:00,299,Wallet,captured,47
TXN100268,265,8,2026-01-18 03:45:00,499,Netbanking,captured,36
TXN100269,231,33,2026-01-03 05:17:00,149,UPI,failed,18
TXN100270,114,29,2026-01-27 13:05:00,799,UPI,chargeback,44
TXN100271,28,26,2026-01-30 00:26:00,1499,UPI,failed,64
TXN100272,42,24,2026-01-12 07:24:00,149,UPI,captured,28
TXN100273,51,22,2026-01-01 10:59:00,799,UPI,captured,18
TXN100274,242,9,2026-01-05 01:18:00,149,UPI,captured,97
TXN100275,316,1,2026-01-23 15:28:00,149,UPI,captured,10
TXN100276,77,36,2026-01-01 08:13:00,149,UPI,captured,93
TXN100277,57,19,2026-01-20 16:27:00,49,UPI,captured,30
TXN100278,123,27,2026-01-10 03:03:00,149,Netbanking,captured,81
TXN100279,33,8,2026-01-26 19:29:00,299,Wallet,captured,63
TXN100280,324,33,2026-01-20 17:01:00,499,UPI,captured,73
TXN100281,150,28,2026-01-08 22:09:00,49,UPI,failed,0
TXN100282,293,27,2026-01-20 11:15:00,4999,UPI,captured,23
TXN100283,269,24,2026-01-22 21:05:00,49,Wallet,captured,8
TXN100284,260,36,2026-01-17 17:32:00,1499,UPI,captured,2
TXN100285,326,25,2026-01-13 15:02:00,49,UPI,captured,47
TXN100286,183,5,2026-01-09 23:01:00,49,Card,captured,44
TXN100287,322,7,2026-01-08 23:42:00,299,UPI,captured,98
TXN100288,171,9,2026-01-19 23:48:00,299,UPI,captured,5
TXN100289,330,12,2026-01-12 17:21:00,1499,Netbanking,captured,99
TXN100290,246,12,2026-01-22 14:44:00,99,Wallet,captured,17
TXN100291,235,3,2026-01-03 22:49:00,49,UPI,captured,37
TXN100292,103,3,2026-01-07 01:50:00,499,UPI,captured,40
TXN100293,204,35,2026-01-30 09:32:00,99,Wallet,captured,60
TXN100294,332,13,2026-01-09 01:48:00,49,Card,captured,36
TXN100295,336,22,2026-01-12 01:55:00,499,UPI,captured,34
TXN100296,205,29,2026-01-04 11:27:00,99,Wallet,captured,49
TXN100297,255,24,2026-01-11 05:31:00,799,UPI,captured,66
TXN100298,218,6,2026-01-09 02:46:00,99,UPI,captured,55
TXN100299,151,21,2026-01-20 05:34:00,49,UPI,captured,13
TXN100300,152,20,2026-01-03 10:42:00,49,UPI,captured,57
TXN100301,86,29,2026-01-20 22:27:00,149,Card,captured,44
TXN100302,181,40,2026-01-15 01:46:00,149,UPI,captured,55
TXN100303,30,5,2026-01-09 20:50:00,299,UPI,captured,85
TXN100304,263,11,2026-01-21 12:23:00,149,Wallet,captured,3
TXN100305,225,3,2026-01-05 19:43:00,99,Netbanking,captured,16
TXN100306,331,24,2026-01-03 07:49:00,49,Card,captured,46
TXN100307,310,10,2026-01-13 18:02:00,1499,Card,captured,86
TXN100308,228,5,2026-01-15 11:23:00,49,UPI,captured,73
TXN100309,204,21,2026-01-05 16:23:00,499,UPI,captured,83
TXN100310,14,12,2026-01-09 07:07:00,799,Netbanking,captured,63
TXN100311,288,8,2026-01-17 12:58:00,49,UPI,captured,33
TXN100312,229,14,2026-01-25 08:45:00,1499,UPI,captured,78
TXN100313,252,13,2026-01-10 22:58:00,99,Wallet,captured,15
TXN100314,89,29,2026-01-05 02:28:00,799,UPI,captured,11
TXN100315,164,23,2026-01-26 21:54:00,49,Netbanking,captured,90
TXN100316,149,20,2026-01-03 17:34:00,299,Wallet,captured,20
TXN100317,327,12,2026-01-23 22:59:00,49,Netbanking,captured,46
TXN100318,103,9,2026-01-17 07:07:00,149,UPI,captured,30
TXN100319,185,36,2026-01-26 15:01:00,49,Wallet,captured,73
TXN100320,283,9,2026-01-12 14:51:00,299,UPI,captured,78
TXN100321,159,26,2026-01-29 02:04:00,99,UPI,captured,91
TXN100322,211,27,2026-01-24 15:33:00,99,Wallet,captured,73
TXN100323,329,5,2026-01-03 04:20:00,499,Netbanking,captured,57
TXN100324,177,9,2026-01-15 21:33:00,99,UPI,captured,99
TXN100325,94,9,2026-01-18 20:37:00,299,UPI,captured,55
TXN100326,64,34,2026-01-17 01:53:00,299,UPI,captured,19
TXN100327,166,15,2026-01-10 05:10:00,49,UPI,captured,44
TXN100328,41,17,2026-01-17 09:54:00,299,Wallet,captured,25
TXN100329,65,20,2026-01-21 17:17:00,99,Card,captured,78
TXN100330,329,11,2026-01-18 02:32:00,499,UPI,captured,75
TXN100331,338,40,2026-01-19 04:10:00,149,UPI,captured,92
TXN100332,289,3,2026-01-29 19:21:00,49,Netbanking,captured,3
TXN100333,296,17,2026-01-03 01:41:00,99,UPI,captured,83
TXN100334,317,2,2026-01-07 18:26:00,499,Card,captured,63
TXN100335,149,20,2026-01-29 20:34:00,499,Card,captured,61
TXN100336,153,30,2026-01-08 21:25:00,299,UPI,captured,9
TXN100337,226,27,2026-01-23 01:10:00,2999,UPI,chargeback,61
TXN100338,311,10,2026-01-15 06:21:00,2999,UPI,captured,40
TXN100339,177,26,2026-01-28 22:20:00,1499,UPI,captured,16
TXN100340,288,7,2026-01-25 11:32:00,99,Netbanking,captured,40
TXN100341,137,29,2026-01-08 14:07:00,2999,UPI,failed,31
TXN100342,149,25,2026-01-05 03:03:00,1499,UPI,captured,78
TXN100343,82,21,2026-01-14 07:55:00,49,Wallet,captured,73
TXN100344,82,32,2026-01-24 10:12:00,49,UPI,captured,65
TXN100345,158,32,2026-01-15 15:56:00,99,Wallet,captured,2
TXN100346,235,16,2026-01-03 12:32:00,99,UPI,captured,27
TXN100347,26,19,2026-01-19 11:03:00,99,Wallet,captured,63
TXN100348,241,19,2026-01-20 20:43:00,299,UPI,captured,68
TXN100349,69,17,2026-01-01 03:27:00,1499,UPI,captured,93
TXN100350,24,26,2026-01-12 12:23:00,299,Netbanking,captured,6
TXN100351,186,36,2026-01-19 17:12:00,4999,UPI,captured,36
TXN100352,231,36,2026-01-03 12:32:00,149,UPI,captured,35
TXN100353,313,8,2026-01-27 19:43:00,1499,Netbanking,captured,16
TXN100354,174,36,2026-01-04 12:23:00,149,UPI,captured,46
TXN100355,309,33,2026-01-25 04:12:00,99,UPI,captured,51
TXN100356,20,9,2026-01-17 01:02:00,99,UPI,captured,91
TXN100357,234,10,2026-01-11 15:33:00,49,UPI,captured,77
TXN100358,168,40,2026-01-29 16:08:00,149,UPI,chargeback,40
TXN100359,154,38,2026-01-06 12:39:00,99,Netbanking,captured,43
TXN100360,251,37,2026-01-17 16:34:00,49,UPI,captured,38
TXN100361,170,8,2026-01-16 00:23:00,2999,UPI,captured,53
TXN100362,323,2,2026-01-19 09:50:00,49,Netbanking,captured,76
TXN100363,297,37,2026-01-16 08:41:00,2999,Wallet,captured,29
TXN100364,246,11,2026-01-24 01:37:00,299,UPI,captured,67
TXN100365,195,10,2026-01-21 23:39:00,99,UPI,captured,87
TXN100366,57,13,2026-01-08 01:36:00,149,UPI,captured,2
TXN100367,78,27,2026-01-15 10:26:00,1499,Netbanking,failed,88
TXN100368,314,31,2026-01-07 13:32:00,49,UPI,chargeback,94
TXN100369,71,34,2026-01-24 01:45:00,499,UPI,captured,26
TXN100370,245,34,2026-01-18 10:42:00,99,UPI,captured,48
TXN100371,273,22,2026-01-11 05:29:00,299,Wallet,captured,69
TXN100372,349,17,2026-01-12 21:49:00,1499,UPI,captured,78
TXN100373,143,36,2026-01-16 06:15:00,1499,Netbanking,captured,38
TXN100374,148,14,2026-01-08 09:49:00,799,Wallet,captured,88
TXN100375,246,23,2026-01-23 15:20:00,49,UPI,captured,71
TXN100376,148,8,2026-01-30 23:17:00,99,Wallet,captured,73
TXN100377,203,23,2026-01-22 17:24:00,49,UPI,captured,98
TXN100378,22,19,2026-01-26 04:18:00,49,Card,captured,91
TXN100379,227,17,2026-01-03 11:59:00,299,Wallet,captured,95
TXN100380,276,18,2026-01-16 06:12:00,149,Wallet,captured,71
TXN100381,56,40,2026-01-23 08:08:00,99,Card,captured,94
TXN100382,26,34,2026-01-19 07:15:00,499,Card,captured,28
TXN100383,52,27,2026-01-21 07:03:00,499,Card,captured,42
TXN100384,349,9,2026-01-23 15:06:00,499,Wallet,captured,0
TXN100385,335,31,2026-01-18 05:26:00,49,Card,captured,61
TXN100386,148,21,2026-01-21 06:48:00,49,Card,captured,36
TXN100387,46,37,2026-01-21 01:58:00,99,Wallet,captured,29
TXN100388,20,12,2026-01-18 23:46:00,799,Card,captured,53
TXN100389,19,26,2026-01-29 05:59:00,49,UPI,captured,100
TXN100390,149,3,2026-01-16 05:59:00,4999,Wallet,captured,1
TXN100391,55,22,2026-01-10 18:38:00,499,UPI,captured,36
TXN100392,269,32,2026-01-15 20:34:00,49,Card,captured,17
TXN100393,140,13,2026-01-28 16:29:00,2999,UPI,captured,14
TXN100394,235,17,2026-01-11 05:46:00,2999,UPI,captured,91
TXN100395,173,19,2026-01-06 00:47:00,499,UPI,failed,72
TXN100396,313,26,2026-01-22 06:11:00,499,UPI,captured,54
TXN100397,206,7,2026-01-17 10:05:00,149,Wallet,captured,23
TXN100398,128,1,2026-01-05 15:20:00,1499,Netbanking,captured,33
TXN100399,137,22,2026-01-13 07:28:00,799,UPI,failed,38
TXN100400,6,17,2026-01-19 23:36:00,49,UPI,captured,83
TXN100401,32,8,2026-01-12 22:15:00,299,Card,captured,59
TXN100402,258,20,2026-01-10 05:25:00,149,UPI,captured,88
TXN100403,152,24,2026-01-04 20:58:00,149,UPI,chargeback,78
TXN100404,245,10,2026-01-08 07:08:00,799,Wallet,captured,58
TXN100405,213,36,2026-01-24 19:23:00,49,Wallet,captured,60
TXN100406,341,14,2026-01-25 17:51:00,99,Netbanking,captured,97
TXN100407,306,6,2026-01-08 21:48:00,149,Netbanking,captured,67
TXN100408,186,5,2026-01-15 16:45:00,499,UPI,captured,72
TXN100409,281,33,2026-01-04 01:53:00,4999,UPI,captured,25
TXN100410,85,21,2026-01-19 17:09:00,99,UPI,captured,66
TXN100411,106,38,2026-01-15 03:43:00,499,UPI,captured,62
TXN100412,29,30,2026-01-03 16:28:00,149,Netbanking,captured,16
TXN100413,289,4,2026-01-17 13:29:00,1499,Card,captured,71
TXN100414,158,2,2026-01-15 21:51:00,1499,Card,captured,50
TXN100415,112,38,2026-01-09 00:47:00,49,UPI,captured,9
TXN100416,33,35,2026-01-02 13:22:00,299,Card,failed,7
TXN100417,242,3,2026-01-30 02:59:00,49,UPI,captured,36
TXN100418,70,27,2026-01-14 05:49:00,149,UPI,captured,47
TXN100419,194,25,2026-01-29 12:28:00,49,Wallet,captured,10
TXN100420,277,9,2026-01-22 21:55:00,799,UPI,captured,83
TXN100421,92,35,2026-01-28 11:07:00,49,UPI,captured,50
TXN100422,115,1,2026-01-17 04:46:00,149,Wallet,captured,96
TXN100423,345,35,2026-01-01 09:29:00,499,Card,captured,54
TXN100424,118,16,2026-01-18 12:52:00,49,UPI,captured,58
TXN100425,97,8,2026-01-12 04:17:00,99,Netbanking,captured,4
TXN100426,315,2,2026-01-26 21:26:00,299,Wallet,captured,30
TXN100427,305,3,2026-01-07 02:06:00,299,UPI,captured,57
TXN100428,25,16,2026-01-20 21:45:00,299,UPI,captured,94
TXN100429,120,35,2026-01-02 12:28:00,49,UPI,captured,27
TXN100430,258,19,2026-01-25 01:08:00,49,Wallet,captured,29
TXN100431,164,37,2026-01-27 23:36:00,799,UPI,captured,76
TXN100432,165,16,2026-01-25 21:52:00,49,Wallet,captured,38
TXN100433,267,15,2026-01-29 04:42:00,49,Netbanking,captured,52
TXN100434,286,38,2026-01-10 08:03:00,299,Wallet,captured,94
TXN100435,348,28,2026-01-30 05:40:00,499,Card,captured,71
TXN100436,330,25,2026-01-16 01:22:00,799,UPI,captured,100
TXN100437,214,27,2026-01-17 10:44:00,299,Card,captured,19
TXN100438,276,31,2026-01-10 12:11:00,499,UPI,captured,30
TXN100439,74,30,2026-01-28 07:19:00,49,UPI,captured,7
TXN100440,286,34,2026-01-18 13:26:00,49,Card,captured,17
TXN100441,105,22,2026-01-13 07:16:00,4999,UPI,captured,82
TXN100442,190,6,2026-01-03 14:54:00,799,Wallet,captured,68
TXN100443,138,25,2026-01-24 06:03:00,299,Wallet,captured,86
TXN100444,38,13,2026-01-20 19:02:00,4999,Netbanking,captured,97
TXN100445,287,14,2026-01-19 23:42:00,99,Wallet,captured,61
TXN100446,8,14,2026-01-07 10:19:00,49,UPI,captured,24
TXN100447,246,16,2026-01-24 03:47:00,1499,Wallet,captured,89
TXN100448,204,16,2026-01-20 22:13:00,149,UPI,captured,70
TXN100449,239,35,2026-01-11 09:24:00,4999,UPI,captured,83
TXN100450,185,33,2026-01-12 09:16:00,299,UPI,captured,63
TXN100451,241,21,2026-01-15 03:51:00,299,Card,captured,26
TXN100452,24,37,2026-01-12 10:26:00,149,UPI,captured,28
TXN100453,134,36,2026-01-24 04:01:00,1499,UPI,captured,74
TXN100454,152,10,2026-01-19 23:26:00,499,Wallet,captured,25
TXN100455,292,16,2026-01-11 07:24:00,499,Netbanking,captured,63
TXN100456,173,17,2026-01-18 20:43:00,99,Netbanking,captured,97
TXN100457,329,32,2026-01-27 15:46:00,1499,UPI,captured,58
TXN100458,181,11,2026-01-06 23:50:00,1499,UPI,captured,17
TXN100459,95,35,2026-01-24 17:31:00,149,Wallet,captured,82
TXN100460,39,4,2026-01-02 16:02:00,149,Netbanking,captured,97
TXN100461,323,15,2026-01-01 13:08:00,499,UPI,captured,8
TXN100462,112,33,2026-01-23 04:00:00,49,Netbanking,captured,58
TXN100463,327,40,2026-01-12 01:39:00,99,UPI,captured,61
TXN100464,4,35,2026-01-22 15:01:00,299,UPI,captured,70
TXN100465,272,18,2026-01-14 00:01:00,149,UPI,captured,68
TXN100466,346,28,2026-01-10 00:32:00,499,UPI,captured,22
TXN100467,77,16,2026-01-04 03:33:00,49,Wallet,captured,24
TXN100468,182,18,2026-01-20 16:16:00,149,Card,captured,50
TXN100469,236,37,2026-01-03 11:25:00,299,Card,captured,31
TXN100470,42,3,2026-01-23 07:19:00,49,UPI,captured,11
TXN100471,283,31,2026-01-13 12:24:00,299,Netbanking,captured,7
TXN100472,88,6,2026-01-21 00:44:00,49,UPI,captured,63
TXN100473,170,37,2026-01-28 13:41:00,99,UPI,failed,12
TXN100474,22,15,2026-01-29 16:58:00,49,Netbanking,captured,27
TXN100475,291,31,2026-01-29 22:56:00,49,Netbanking,failed,34
TXN100476,144,35,2026-01-02 02:43:00,1499,UPI,captured,72
TXN100477,162,2,2026-01-22 01:11:00,299,Wallet,captured,26
TXN100478,204,5,2026-01-19 04:48:00,49,UPI,captured,38
TXN100479,291,25,2026-01-06 18:15:00,99,Wallet,captured,86
TXN100480,197,9,2026-01-29 17:21:00,49,Wallet,failed,88
TXN100481,178,4,2026-01-24 02:32:00,1499,UPI,captured,12
TXN100482,39,22,2026-01-14 07:53:00,799,Netbanking,captured,77
TXN100483,204,21,2026-01-25 19:38:00,299,Wallet,captured,3
TXN100484,231,32,2026-01-21 08:50:00,299,UPI,captured,29
TXN100485,222,12,2026-01-12 17:24:00,499,Wallet,failed,87
TXN100486,44,40,2026-01-19 21:24:00,499,UPI,captured,37
TXN100487,38,6,2026-01-26 07:45:00,49,Wallet,captured,34
TXN100488,325,10,2026-01-05 12:45:00,49,Netbanking,chargeback,94
TXN100489,55,6,2026-01-13 10:23:00,1499,Card,captured,0
TXN100490,139,7,2026-01-10 14:23:00,499,Card,captured,16
TXN100491,230,36,2026-01-03 05:27:00,99,Wallet,captured,71
TXN100492,14,6,2026-01-17 13:06:00,799,Card,captured,45
TXN100493,307,21,2026-01-18 02:38:00,799,UPI,captured,49
TXN100494,199,6,2026-01-01 09:26:00,49,UPI,captured,92
TXN100495,125,37,2026-01-29 17:57:00,149,Wallet,captured,66
TXN100496,87,9,2026-01-06 21:24:00,149,UPI,captured,34
TXN100497,75,5,2026-01-10 08:31:00,99,UPI,captured,21
TXN100498,154,31,2026-01-14 08:26:00,499,Wallet,captured,100
TXN100499,127,32,2026-01-03 11:16:00,149,Card,captured,76
TXN200000,351,7,2026-01-30 06:00:00,1999,Card,chargeback,79
TXN200001,352,40,2026-01-11 12:00:00,4999,Card,chargeback,95
TXN200002,353,28,2026-01-21 14:00:00,1999,Card,chargeback,79
TXN200003,354,13,2026-01-21 19:00:00,4999,Card,chargeback,80
TXN200004,355,19,2026-01-16 12:00:00,4999,Card,chargeback,100
TXN200005,356,25,2026-01-29 07:00:00,2999,Card,chargeback,96
TXN200006,357,37,2026-01-23 11:00:00,1999,Card,chargeback,88
TXN200007,358,36,2026-01-28 05:00:00,999,Card,chargeback,100
TXN200008,359,29,2026-01-25 22:00:00,2999,Card,chargeback,96
TXN200009,360,32,2026-01-13 13:00:00,1999,Card,chargeback,90
TXN200010,361,10,2026-01-20 07:00:00,4999,Card,chargeback,95
TXN200011,362,39,2026-01-23 02:00:00,4999,Card,chargeback,88
TXN200012,363,27,2026-01-23 17:00:00,999,Card,chargeback,95
TXN200013,364,39,2026-01-22 22:00:00,999,Card,chargeback,73
TXN200014,365,23,2026-01-18 21:00:00,1999,Card,chargeback,90
TXN300000,314,26,2026-01-02 18:00:00,399,Card,failed,87
TXN300001,314,7,2026-01-02 18:01:00,299,Card,failed,66
TXN300002,314,17,2026-01-02 18:02:00,299,Card,failed,92
TXN300003,314,34,2026-01-02 18:03:00,499,Card,captured,74
TXN300004,229,30,2026-01-12 12:00:00,499,Card,failed,92
TXN300005,229,10,2026-01-12 12:01:00,399,Card,failed,61
TXN300006,229,31,2026-01-12 12:02:00,299,Card,failed,78
TXN300007,229,27,2026-01-12 12:03:00,299,Card,captured,67
TXN300008,73,22,2026-01-12 09:00:00,399,Card,failed,73
TXN300009,73,34,2026-01-12 09:01:00,399,Card,failed,82
TXN300010,73,31,2026-01-12 09:02:00,299,Card,failed,88
TXN300011,73,29,2026-01-12 09:03:00,399,Card,captured,64
TXN300012,154,8,2026-01-02 22:00:00,299,Card,failed,81
TXN300013,154,7,2026-01-02 22:01:00,499,Card,failed,70
TXN300014,154,16,2026-01-02 22:02:00,499,Card,failed,71
TXN300015,154,36,2026-01-02 22:03:00,299,Card,captured,81
TXN300016,287,15,2026-01-14 14:00:00,399,Card,failed,71
TXN300017,287,12,2026-01-14 14:01:00,499,Card,failed,87
TXN300018,287,26,2026-01-14 14:02:00,299,Card,failed,72
TXN300019,287,29,2026-01-14 14:03:00,499,Card,captured,87
TXN300020,200,14,2026-01-01 22:00:00,299,Card,failed,77
TXN300021,200,5,2026-01-01 22:01:00,499,Card,failed,66
TXN300022,200,35,2026-01-01 22:02:00,299,Card,failed,83
TXN300023,200,21,2026-01-01 22:03:00,299,Card,captured,89
TXN300024,59,32,2026-01-09 21:00:00,499,Card,failed,80
TXN300025,59,39,2026-01-09 21:01:00,399,Card,failed,85
TXN300026,59,38,2026-01-09 21:02:00,299,Card,failed,82
TXN300027,59,23,2026-01-09 21:03:00,399,Card,captured,71
TXN300028,345,40,2026-01-23 09:00:00,499,Card,failed,65
TXN300029,345,9,2026-01-23 09:01:00,399,Card,failed,67
TXN300030,345,16,2026-01-23 09:02:00,399,Card,failed,67
TXN300031,345,12,2026-01-23 09:03:00,399,Card,captured,69
