user_id,signup_date
1,2024-06-04 00:00:00
2,2025-03-27 00:00:00
3,2025-06-18 00:00:00
4,2024-08-16 00:00:00
5,2024-11-09 00:00:00
6,2025-03-01 00:00:00
7,2024-02-16 00:00:00
8,2024-05-11 00:00:00
9,2025-04-22 00:00:00
10,2025-01-04 00:00:00
11,2025-10-06 00:00:00
12,2025-04-12 00:00:00
13,2025-10-31 00:00:00
14,2025-01-13 00:00:00
15,2024-10-18 00:00:00
16,2025-03-03 00:00:00
17,2025-09-26 00:00:00
18,2025-04-30 00:00:00
19,2024-05-01 00:00:00
20,2025-01-14 00:00:00
21,2025-04-29 00:00:00
22,2024-01-31 00:00:00
23,2024-07-09 00:00:00
24,2024-10-23 00:00:00
25,2024-02-13 00:00:00
26,2024-08-20 00:00:00
27,2025-07-09 00:00:00
28,2025-03-06 00:00:00
29,2025-07-13 00:00:00
30,2025-03-25 00:00:00
31,2024-05-07 00:00:00
32,2024-05-30 00:00:00
33,2025-03-08 00:00:00
34,2024-04-13 00:00:00
35,2024-09-20 00:00:00
36,2024-04-14 00:00:00
37,2024-10-20 00:00:00
38,2024-11-27 00:00:00
39,2025-04-22 00:00:00
40,2025-07-14 00:00:00
41,2024-06-29 00:00:00
42,2024-07-15 00:00:00
43,2025-08-31 00:00:00
44,2025-10-15 00:00:00
45,2025-08-12 00:00:00
46,2025-06-29 00:00:00
47,2024-02-29 00:00:00
48,2025-06-22 00:00:00
49,2024-01-06 00:00:00
50,2024-09-26 00:00:00
51,2024-04-01 00:00:00
52,2025-09-28 00:00:00
53,2024-11-03 00:00:00
54,2024-11-07 00:00:00
55,2024-04-01 00:00:00
56,2024-08-10 00:00:00
57,2024-06-09 00:00:00
58,2025-03-20 00:00:00
59,2024-05-15 00:00:00
60,2025-11-21 00:00:00
61,2024-01-06 00:00:00
62,2025-08-07 00:00:00
63,2024-01-04 00:00:00
64,2024-06-01 00:00:00
65,2025-03-04 00:00:00
66,2024-02-15 00:00:00
67,2024-12-19 00:00:00
68,2025-08-10 00:00:00
69,2025-02-05 00:00:00
70,2024-09-13 00:00:00
71,2025-06-24 00:00:00
72,2024-08-25 00:00:00
73,2025-11-29 00:00:00
74,2025-03-08 00:00:00
75,2024-07-08 00:00:00
76,2025-06-03 00:00:00
77,2024-07-01 00:00:00
78,2025-08-16 00:00:00
79,2024-03-02 00:00:00
80,2025-01-31 00:00:00
81,2024-02-17 00:00:00
82,2024-07-01 00:00:00
83,2024-03-19 00:00:00
84,2025-05-13 00:00:00
85,2025-06-29 00:00:00
86,2024-11-15 00:00:00
87,2025-06-20 00:00:00
88,2024-05-29 00:00:00
89,2024-06-07 00:00:00
90,2025-12-02 00:00:00
91,2024-03-29 00:00:00
92,2025-01-05 00:00:00
93,2024-07-20 00:00:00
94,2025-11-13 00:00:00
95,2025-08-10 00:00:00
96,2024-11-26 00:00:00
97,2025-01-22 00:00:00
98,2025-04-01 00:00:00
99,2025-10-04 00:00:00
100,2025-03-31 00:00:00
101,2024-05-01 00:00:00
102,2025-09-13 00:00:00
103,2025-09-06 00:00:00
104,2024-07-23 00:00:00
105,2025-09-23 00:00:00
106,2024-06-05 00:00:00
107,2025-07-27 00:00:00
108,2025-07-24 00:00:00
109,2024-01-27 00:00:00
110,2024-08-03 00:00:00
111,2024-05-19 00:00:00
112,2025-06-16 00:00:00
113,2025-03-06 00:00:00
114,2024-06-10 00:00:00
115,2024-03-21 00:00:00
116,2024-09-25 00:00:00
117,2025-04-30 00:00:00
118,2024-05-29 00:00:00
119,2025-05-11 00:00:00
120,2025-01-17 00:00:00
121,2024-10-20 00:00:00
122,2024-01-15 00:00:00
123,2024-02-06 00:00:00
124,2024-11-15 00:00:00
125,2024-09-10 00:00:00
126,2024-06-21 00:00:00
127,2024-08-27 00:00:00
128,2025-08-01 00:00:00
129,2025-03-24 00:00:00
130,2025-04-16 00:00:00
131,2025-09-28 00:00:00
132,2024-12-21 00:00:00
133,2025-11-11 00:00:00
134,2024-04-09 00:00:00
135,2024-05-14 00:00:00
136,2025-04-11 00:00:00
137,2024-04-09 00:00:00
138,2025-04-21 00:00:00
139,2025-11-25 00:00:00
140,2025-09-21 00:00:00
141,2024-02-25 00:00:00
142,2025-10-03 00:00:00
143,2025-04-12 00:00:00
144,2025-09-24 00:00:00
145,2025-10-31 00:00:00
146,2024-12-29 00:00:00
147,2025-09-21 00:00:00
148,2024-06-24 00:00:00
149,2025-04-03 00:00:00
150,2025-02-20 00:00:00
151,2024-01-17 00:00:00
152,2024-07-23 00:00:00
153,2025-04-27 00:00:00
154,2024-05-29 00:00:00
155,2025-07-20 00:00:00
156,2024-04-27 00:00:00
157,2024-04-21 00:00:00
158,2024-08-05 00:00:00
159,2025-03-29 00:00:00
160,2024-08-05 00:00:00
161,2024-10-12 00:00:00
162,2025-05-22 00:00:00
163,2025-08-28 00:00:00
164,2025-08-25 00:00:00
165,2024-01-28 00:00:00
166,2024-09-17 00:00:00
167,2024-12-05 00:00:00
168,2024-09-25 00:00:00
169,2024-10-08 00:00:00
170,2024-08-11 00:00:00
171,2025-10-08 00:00:00
172,2024-01-13 00:00:00
173,2024-02-02 00:00:00
174,2024-02-10 00:00:00
175,2025-08-24 00:00:00
176,2025-10-01 00:00:00
177,2024-10-16 00:00:00
178,2024-12-20 00:00:00
179,2025-08-13 00:00:00
180,2025-03-23 00:00:00
181,2025-05-20 00:00:00
182,2025-05-22 00:00:00
183,2024-06-01 00:00:00
184,2024-08-30 00:00:00
185,2025-07-12 00:00:00
186,2024-09-26 00:00:00
187,2025-05-29 00:00:00
188,2025-02-20 00:00:00
189,2024-08-16 00:00:00
190,2025-03-22 00:00:00
191,2025-09-16 00:00:00
192,2024-09-05 00:00:00
193,2024-05-18 00:00:00
194,2025-08-24 00:00:00
195,2025-10-12 00:00:00
196,2024-02-04 00:00:00
197,2024-05-28 00:00:00
198,2025-11-17 00:00:00
199,2025-08-29 00:00:00
200,2025-04-04 00:00:00
201,2025-06-15 00:00:00
202,2024-10-12 00:00:00
203,2024-07-23 00:00:00
204,2024-07-28 00:00:00
205,2025-04-28 00:00:00
206,2024-10-18 00:00:00
207,2025-10-03 00:00:00
208,2025-06-17 00:00:00
209,2024-11-09 00:00:00
210,2025-11-30 00:00:00
211,2024-10-29 00:00:00
212,2025-03-06 00:00:00
213,2024-08-24 00:00:00
214,2025-02-13 00:00:00
215,2024-09-25 00:00:00
216,2024-05-12 00:00:00
217,2024-01-25 00:00:00
218,2024-07-22 00:00:00
219,2025-06-27 00:00:00
220,2025-05-22 00:00:00
221,2025-02-02 00:00:00
222,2025-04-24 00:00:00
223,2025-10-04 00:00:00
224,2024-04-18 00:00:00
225,2024-05-26 00:00:00
226,2025-10-01 00:00:00
227,2025-01-15 00:00:00
228,2025-10-05 00:00:00
229,2025-10-12 00:00:00
230,2024-04-13 00:00:00
231,2024-08-01 00:00:00
232,2024-07-06 00:00:00
233,2024-06-07 00:00:00
234,2025-06-24 00:00:00
235,2025-10-05 00:00:00
236,2024-06-30 00:00:00
237,2025-09-11 00:00:00
238,2025-05-26 00:00:00
239,2025-09-23 00:00:00
240,2024-04-02 00:00:00
241,2025-09-24 00:00:00
242,2024-01-11 00:00:00
243,2025-04-06 00:00:00
244,2024-10-15 00:00:00
245,2025-08-02 00:00:00
246,2024-04-28 00:00:00
247,2025-03-25 00:00:00
248,2024-04-19 00:00:00
249,2024-04-03 00:00:00
250,2025-10-23 00:00:00
251,2024-03-08 00:00:00
252,2025-09-10 00:00:00
253,2024-09-29 00:00:00
254,2024-01-29 00:00:00
255,2024-04-14 00:00:00
256,2024-05-03 00:00:00
257,2024-06-15 00:00:00
258,2025-01-13 00:00:00
259,2025-03-10 00:00:00
260,2025-05-07 00:00:00
261,2024-01-17 00:00:00
262,2025-01-15 00:00:00
263,2025-04-02 00:00:00
264,2025-03-06 00:00:00
265,2024-10-23 00:00:00
266,2025-07-21 00:00:00
267,2024-01-15 00:00:00
268,2024-02-11 00:00:00
269,2025-01-29 00:00:00
270,2024-08-21 00:00:00
271,2025-01-13 00:00:00
272,2025-09-19 00:00:00
273,2025-11-23 00:00:00
274,2024-08-20 00:00:00
275,2024-03-06 00:00:00
276,2024-05-05 00:00:00
277,2025-08-22 00:00:00
278,2025-09-18 00:00:00
279,2024-05-31 00:00:00
280,2025-04-28 00:00:00
281,2024-07-02 00:00:00
282,2025-03-06 00:00:00
283,2025-07-20 00:00:00
284,2024-12-10 00:00:00
285,2025-09-23 00:00:00
286,2025-03-27 00:00:00
287,2024-11-19 00:00:00
288,2025-02-14 00:00:00
289,2025-06-24 00:00:00
290,2024-09-10 00:00:00
291,2024-05-25 00:00:00
292,2025-01-27 00:00:00
293,2024-03-16 00:00:00
294,2024-02-02 00:00:00
295,2024-06-09 00:00:00
296,2025-11-24 00:00:00
297,2024-01-19 00:00:00
298,2024-05-14 00:00:00
299,2025-01-30 00:00:00
300,2024-01-23 00:00:00
301,2025-08-18 00:00:00
302,2025-07-18 00:00:00
303,2025-03-07 00:00:00
304,2025-08-06 00:00:00
305,2025-08-15 00:00:00
306,2024-05-15 00:00:00
307,2025-06-26 00:00:00
308,2025-02-27 00:00:00
309,2025-02-17 00:00:00
310,2024-03-23 00:00:00
311,2025-05-01 00:00:00
312,2024-12-16 00:00:00
313,2025-05-08 00:00:00
314,2024-02-22 00:00:00
315,2025-03-07 00:00:00
316,2024-07-03 00:00:00
317,2024-07-20 00:00:00
318,2025-03-20 00:00:00
319,2025-10-11 00:00:00
320,2025-08-30 00:00:00
321,2024-02-22 00:00:00
322,2024-09-25 00:00:00
323,2025-02-22 00:00:00
324,2025-10-18 00:00:00
325,2025-11-29 00:00:00
326,2024-12-26 00:00:00
327,2025-07-22 00:00:00
328,2024-02-19 00:00:00
329,2025-03-09 00:00:00
330,2025-06-20 00:00:00
331,2024-09-06 00:00:00
332,2024-05-17 00:00:00
333,2024-09-21 00:00:00
334,2024-05-07 00:00:00
335,2025-11-23 00:00:00
336,2025-08-10 00:00:00
337,2025-09-16 00:00:00
338,2025-07-03 00:00:00
339,2024-05-23 00:00:00
340,2025-10-27 00:00:00
341,2024-11-19 00:00:00
342,2024-04-15 00:00:00
343,2024-05-16 00:00:00
344,2025-07-04 00:00:00
345,2024-09-18 00:00:00
346,2025-07-25 00:00:00
347,2025-10-21 00:00:00
348,2025-01-21 00:00:00
349,2024-11-24 00:00:00
350,2025-10-23 00:00:00
351,2026-01-15 06:00:00
352,2025-12-31 12:00:00
353,2026-01-10 14:00:00
354,2025-12-29 19:00:00
355,2026-01-05 12:00:00
356,2026-01-18 07:00:00
357,2026-01-19 11:00:00
358,2026-01-06 05:00:00
359,2026-01-18 22:00:00
360,2025-12-22 13:00:00
361,2026-01-11 07:00:00
362,2026-01-08 02:00:00
363,2026-01-06 17:00:00
364,2026-01-04 22:00:00
365,2025-12-27 21:00:00
